MobileBrands,below 5.0,5.0-6.5,6.5-7.5,7.5-8.5,above 8.5
Apple,0.087434211,0.069407895,0.547039474,0.114144737,0.401973684
Samsung,0.05695744,0.672773921,0.224781165,0.314699668,0.020787806
Xiomi,0.433438486,0.213699865,0.540198288,0.062018927,0.040644434
Vivo,0.202215844,0.5489093,0.459471871,0.106440873,0.082962113
OnePlus,0.415909091,0.129545455,0.327272727,0.404545455,0.052727273
Oppo,0.499691358,0.27037037,0.362037037,0.035555556,0.042345679
